{
  "mode": "FULL",
  "lambda": 0.1,
  "seed": 1,
  "dev_acc": 0.6032575909913533,
  "dev_macro_f1": 0.5652142421834079,
  "dev_delta_acc": -0.007966933433397827,
  "dev_delta_macro_f1": -0.021442389371588155,
  "dev_eo_gap": 0.0994456715246581,
  "test_acc": 0.6075527219225111,
  "test_macro_f1": 0.5677626252450283,
  "test_delta_acc": 0.0032625846040212902,
  "test_delta_macro_f1": -0.008214531722564922,
  "test_eo_gap": 0.08035422769278187
}