{
  "mode": "FULL",
  "lambda": 0.0,
  "seed": 3,
  "dev_acc": 0.579328373215363,
  "dev_macro_f1": 0.5538047847225963,
  "dev_delta_acc": 0.03831170301552078,
  "dev_delta_macro_f1": 0.015443213233876207,
  "dev_eo_gap": 0.0891568025313404,
  "test_acc": 0.5889161353604708,
  "test_macro_f1": 0.5632714150572565,
  "test_delta_acc": 0.0407208844131246,
  "test_delta_macro_f1": 0.024727066534506403,
  "test_eo_gap": 0.08109922457221376
}