{
  "mode": "FULL",
  "lambda": 0.5,
  "seed": 2,
  "dev_acc": 0.550372008847778,
  "dev_macro_f1": 0.5113814438861325,
  "dev_delta_acc": -0.00589226678398358,
  "dev_delta_macro_f1": -0.030910152010782677,
  "dev_eo_gap": 0.08358374513155507,
  "test_acc": 0.5555664541441884,
  "test_macro_f1": 0.5232917178658788,
  "test_delta_acc": 0.020337523987159045,
  "test_delta_macro_f1": -0.0006852285083894794,
  "test_eo_gap": 0.0682715409805592
}