{
  "mode": "FULL",
  "lambda": 0.5,
  "seed": 1,
  "dev_acc": 0.6018499899457068,
  "dev_macro_f1": 0.5620387692224555,
  "dev_delta_acc": -0.009976094509177247,
  "dev_delta_macro_f1": -0.02612170461818908,
  "dev_eo_gap": 0.09806699941134715,
  "test_acc": 0.6085335948994606,
  "test_macro_f1": 0.5677867066768084,
  "test_delta_acc": 0.0052353602994247295,
  "test_delta_macro_f1": -0.005861010562452362,
  "test_eo_gap": 0.07994530948520188
}