{
  "mode": "FULL",
  "lambda": 0.05,
  "seed": 1,
  "dev_acc": 0.6022521616730344,
  "dev_macro_f1": 0.5627817392581264,
  "dev_delta_acc": -0.007563548493533578,
  "dev_delta_macro_f1": -0.022062794169135924,
  "dev_eo_gap": 0.0993083597770351,
  "test_acc": 0.6073565473271212,
  "test_macro_f1": 0.5668826514602691,
  "test_delta_acc": 0.0016909450981065222,
  "test_delta_macro_f1": -0.009317127393754454,
  "test_eo_gap": 0.07826257537621362
}