{
  "mode": "FULL",
  "lambda": 0.0,
  "seed": 1,
  "dev_acc": 0.6016489040820431,
  "dev_macro_f1": 0.5622924421965593,
  "dev_delta_acc": -0.003943273790653845,
  "dev_delta_macro_f1": -0.018854689773650235,
  "dev_eo_gap": 0.10352097173005717,
  "test_acc": 0.6071603727317313,
  "test_macro_f1": 0.5669109047617911,
  "test_delta_acc": 0.004042920148305318,
  "test_delta_macro_f1": -0.007960314919393752,
  "test_eo_gap": 0.08072326409510651
}