{
  "mode": "FULL",
  "lambda": 0.2,
  "seed": 1,
  "dev_acc": 0.5974261009451035,
  "dev_macro_f1": 0.5564050605741515,
  "dev_delta_acc": 0.002898742939954846,
  "dev_delta_macro_f1": -0.01288050939452201,
  "dev_eo_gap": 0.09663862000425823,
  "test_acc": 0.6023540951446787,
  "test_macro_f1": 0.562056779573081,
  "test_delta_acc": 0.003792994175501052,
  "test_delta_macro_f1": -0.005272967705071796,
  "test_eo_gap": 0.08127194434755602
}