{
  "mode": "FULL",
  "lambda": 1.0,
  "seed": 1,
  "dev_acc": 0.6151216569475166,
  "dev_macro_f1": 0.5776058945637417,
  "dev_delta_acc": -0.010796450730104157,
  "dev_delta_macro_f1": -0.02495359054542634,
  "dev_eo_gap": 0.09803797121580592,
  "test_acc": 0.6130456105934281,
  "test_macro_f1": 0.5734999110025187,
  "test_delta_acc": 0.0045010921079966515,
  "test_delta_macro_f1": -0.00744869822842642,
  "test_eo_gap": 0.08397887055403533
}