{
  "mode": "FULL",
  "lambda": 0.2,
  "seed": 2,
  "dev_acc": 0.5535893826663986,
  "dev_macro_f1": 0.514291939274906,
  "dev_delta_acc": 0.002951632625333933,
  "dev_delta_macro_f1": -0.017835632555529002,
  "dev_eo_gap": 0.06805391490784155,
  "test_acc": 0.5574301128003923,
  "test_macro_f1": 0.5245597086178622,
  "test_delta_acc": 0.0174156530630325,
  "test_delta_macro_f1": -0.0029001724424728703,
  "test_eo_gap": 0.06262095172762212
}