{
  "mode": "FULL",
  "lambda": 1.0,
  "seed": 2,
  "dev_acc": 0.5582143575306656,
  "dev_macro_f1": 0.5179713641447805,
  "dev_delta_acc": -0.0030865255843745,
  "dev_delta_macro_f1": -0.024910277980941697,
  "dev_eo_gap": 0.07363083786042693,
  "test_acc": 0.5572339382050024,
  "test_macro_f1": 0.5204211669535094,
  "test_delta_acc": 0.022121796846899522,
  "test_delta_macro_f1": 0.00362280595326514,
  "test_eo_gap": 0.06740549726838915
}