{
  "mode": "FULL",
  "lambda": 1.0,
  "seed": 3,
  "dev_acc": 0.5781218580333802,
  "dev_macro_f1": 0.5548609297746181,
  "dev_delta_acc": 0.035900127452819786,
  "dev_delta_macro_f1": 0.010629192142199595,
  "dev_eo_gap": 0.09683557169736041,
  "test_acc": 0.5833251593918588,
  "test_macro_f1": 0.5590137168727447,
  "test_delta_acc": 0.040069822250831666,
  "test_delta_macro_f1": 0.02738307866002132,
  "test_eo_gap": 0.0933652328381188
}