{
  "mode": "FULL",
  "lambda": 0.0,
  "seed": 2,
  "dev_acc": 0.5592197868489845,
  "dev_macro_f1": 0.5186181539479053,
  "dev_delta_acc": 0.0029448394547347823,
  "dev_delta_macro_f1": -0.016139091679752804,
  "dev_eo_gap": 0.07606861837935332,
  "test_acc": 0.5609612555174105,
  "test_macro_f1": 0.5247484703605777,
  "test_delta_acc": 0.019809308099148604,
  "test_delta_macro_f1": -0.0021186913344085623,
  "test_eo_gap": 0.06418711485290143
}