{
  "mode": "FULL",
  "lambda": 0.2,
  "seed": 3,
  "dev_acc": 0.588578322943897,
  "dev_macro_f1": 0.5651932054149783,
  "dev_delta_acc": 0.03508316781719256,
  "dev_delta_macro_f1": 0.010785551446372055,
  "dev_eo_gap": 0.08890493088460118,
  "test_acc": 0.5936243256498284,
  "test_macro_f1": 0.569505661800038,
  "test_delta_acc": 0.03920408699394329,
  "test_delta_macro_f1": 0.019468794657640176,
  "test_eo_gap": 0.08323640766722393
}