{
  "mode": "FULL",
  "lambda": 0.1,
  "seed": 2,
  "dev_acc": 0.5572089282123467,
  "dev_macro_f1": 0.5173183305653426,
  "dev_delta_acc": -0.001878796897138435,
  "dev_delta_macro_f1": -0.026342082216786133,
  "dev_eo_gap": 0.07214355388952608,
  "test_acc": 0.5582148111819519,
  "test_macro_f1": 0.5237212249860089,
  "test_delta_acc": 0.022917488175468792,
  "test_delta_macro_f1": 0.0018903705649785385,
  "test_eo_gap": 0.0640993566680418
}