{
  "mode": "FULL",
  "lambda": 0.1,
  "seed": 3,
  "dev_acc": 0.594208727126483,
  "dev_macro_f1": 0.5741596667514216,
  "dev_delta_acc": 0.026228593425504765,
  "dev_delta_macro_f1": 0.002533396112722519,
  "dev_eo_gap": 0.08922441606584768,
  "test_acc": 0.601765571358509,
  "test_macro_f1": 0.5811117421876693,
  "test_delta_acc": 0.032036437929110484,
  "test_delta_macro_f1": 0.016732057951181822,
  "test_eo_gap": 0.09497241264910357
}