{
  "mode": "FULL",
  "lambda": 0.05,
  "seed": 2,
  "dev_acc": 0.5501709229841142,
  "dev_macro_f1": 0.5069585403113929,
  "dev_delta_acc": 0.0009448976819114163,
  "dev_delta_macro_f1": -0.020000454990121985,
  "dev_eo_gap": 0.07316389848339543,
  "test_acc": 0.5534085335948995,
  "test_macro_f1": 0.5172424538709057,
  "test_delta_acc": 0.019528670557773742,
  "test_delta_macro_f1": -5.7440241936435044e-05,
  "test_eo_gap": 0.06450364263950557
}