{
  "mode": "FULL",
  "lambda": 0.5,
  "seed": 3,
  "dev_acc": 0.5779207721697165,
  "dev_macro_f1": 0.5507842862264403,
  "dev_delta_acc": 0.041932948171343076,
  "dev_delta_macro_f1": 0.013641423856184276,
  "dev_eo_gap": 0.10430695986910374,
  "test_acc": 0.5758705247670427,
  "test_macro_f1": 0.5483679953208905,
  "test_delta_acc": 0.047048968480001285,
  "test_delta_macro_f1": 0.03188136561322619,
  "test_eo_gap": 0.10000165494907055
}