{
  "mode": "FULL",
  "lambda": 0.05,
  "seed": 3,
  "dev_acc": 0.5938065553991554,
  "dev_macro_f1": 0.5749974567921443,
  "dev_delta_acc": 0.025424734904604507,
  "dev_delta_macro_f1": 0.0018139365689027187,
  "dev_eo_gap": 0.08878879432797793,
  "test_acc": 0.6031387935262383,
  "test_macro_f1": 0.5820431864796037,
  "test_delta_acc": 0.039114299914400186,
  "test_delta_macro_f1": 0.02021871922714913,
  "test_eo_gap": 0.0911027371814869
}