model,test,seat_d_mean,seat_d_pooled,seat_d_pooled_ci_low,seat_d_pooled_ci_high,p_value,p_raw,p_holm,reject_at_alpha=0.05
bert-base-uncased,WEAT6_gender_names__career_family,1.214395437688648,0.44538593065299137,0.2016941800142293,0.6690388309769157,0.00019998000199980003,0.00019998000199980003,0.0005999400059994001,True
bert-base-uncased,WEAT7_science_arts__male_female_terms,0.2648158870711305,0.345449469705984,0.06937373846773563,0.607325748361021,0.0164983501649835,0.0164983501649835,0.032996700329967,True
bert-base-uncased,WEAT8_math_arts__male_female_terms,0.5075248841621969,0.2971135870813611,0.020943310138577493,0.5656161089430969,0.038396160383961604,0.038396160383961604,0.038396160383961604,True
