{
  "mode": "LoRA",
  "lambda": 1.0,
  "seed": 3,
  "dev_acc": 0.028755278503921174,
  "dev_macro_f1": 0.003416185451249515,
  "dev_delta_acc": 0.004389196917841454,
  "dev_delta_macro_f1": -8.547699729740104e-05,
  "dev_eo_gap": 0.0035302226269956142,
  "test_acc": 0.03668464933791074,
  "test_macro_f1": 0.005986347489502476,
  "test_delta_acc": 0.005903279187324174,
  "test_delta_macro_f1": -1.914434011872617e-05,
  "test_eo_gap": 0.005039434872730551
}