{
  "mode": "LoRA",
  "lambda": 0.05,
  "seed": 2,
  "dev_acc": 0.04222803136939473,
  "dev_macro_f1": 0.01607668454444595,
  "dev_delta_acc": -0.002463980021608754,
  "dev_delta_macro_f1": -0.0037888279730806974,
  "dev_eo_gap": 0.02669017251043196,
  "test_acc": 0.04404119666503188,
  "test_macro_f1": 0.016595312259594434,
  "test_delta_acc": 0.00853589177889795,
  "test_delta_macro_f1": 0.005232562100712801,
  "test_eo_gap": 0.024978136835023708
}