{
  "mode": "LoRA",
  "lambda": 0.1,
  "seed": 1,
  "dev_acc": 0.030967223004222805,
  "dev_macro_f1": 0.008711448663237035,
  "dev_delta_acc": 0.009614762530164914,
  "dev_delta_macro_f1": 0.00448496986617621,
  "dev_eo_gap": 0.045701135651418145,
  "test_acc": 0.03442864149092693,
  "test_macro_f1": 0.009310881968997374,
  "test_delta_acc": 0.008428401288900648,
  "test_delta_macro_f1": 0.003852339882011715,
  "test_eo_gap": 0.048884589119122024
}