{
  "mode": "LoRA",
  "lambda": 0.0,
  "seed": 3,
  "dev_acc": 0.028755278503921174,
  "dev_macro_f1": 0.003410813985711879,
  "dev_delta_acc": 0.004389196917841454,
  "dev_delta_macro_f1": -6.880237519673238e-05,
  "dev_eo_gap": 0.003559022116788906,
  "test_acc": 0.03668464933791074,
  "test_macro_f1": 0.0059281009105345344,
  "test_delta_acc": 0.006295640642935529,
  "test_delta_macro_f1": 0.0005831572048458859,
  "test_eo_gap": 0.005112915644804475
}