{
  "mode": "LoRA",
  "lambda": 1.0,
  "seed": 2,
  "dev_acc": 0.04082043032374824,
  "dev_macro_f1": 0.015135379571916975,
  "dev_delta_acc": -0.002864453602644805,
  "dev_delta_macro_f1": -0.004212692343984088,
  "dev_eo_gap": 0.02553948303592068,
  "test_acc": 0.04325649828347229,
  "test_macro_f1": 0.016254260853182535,
  "test_delta_acc": 0.0069576712225752,
  "test_delta_macro_f1": 0.004975027549220381,
  "test_eo_gap": 0.0255830149524561
}