{
  "mode": "LoRA",
  "lambda": 0.2,
  "seed": 2,
  "dev_acc": 0.04182585964206716,
  "dev_macro_f1": 0.015809295079190655,
  "dev_delta_acc": -0.0032678385425090745,
  "dev_delta_macro_f1": -0.004410445643727013,
  "dev_eo_gap": 0.026661098561540208,
  "test_acc": 0.04433545855811672,
  "test_macro_f1": 0.01669928735158561,
  "test_delta_acc": 0.007950640120684922,
  "test_delta_macro_f1": 0.005048079112791488,
  "test_eo_gap": 0.02467185865153679
}