{
  "mode": "LoRA",
  "lambda": 0.0,
  "seed": 1,
  "dev_acc": 0.030967223004222805,
  "dev_macro_f1": 0.008909445195025264,
  "dev_delta_acc": 0.010419106277536602,
  "dev_delta_macro_f1": 0.004898360319793625,
  "dev_eo_gap": 0.046372574756622986,
  "test_acc": 0.034526728788621876,
  "test_macro_f1": 0.009333650593067242,
  "test_delta_acc": 0.008233317402829638,
  "test_delta_macro_f1": 0.003810719635441208,
  "test_eo_gap": 0.04915590210840394
}