{
  "mode": "LoRA",
  "lambda": 0.2,
  "seed": 3,
  "dev_acc": 0.028755278503921174,
  "dev_macro_f1": 0.0034131476593245685,
  "dev_delta_acc": 0.004389196917841454,
  "dev_delta_macro_f1": -7.971895828109542e-05,
  "dev_eo_gap": 0.003529524430411401,
  "test_acc": 0.03668464933791074,
  "test_macro_f1": 0.005938005671145752,
  "test_delta_acc": 0.006295640642935529,
  "test_delta_macro_f1": 0.000567009932493207,
  "test_eo_gap": 0.005113024963196255
}