{
  "mode": "LoRA",
  "lambda": 0.5,
  "seed": 1,
  "dev_acc": 0.030967223004222805,
  "dev_macro_f1": 0.00871267560424848,
  "dev_delta_acc": 0.009614762530164914,
  "dev_delta_macro_f1": 0.0045050011131195595,
  "dev_eo_gap": 0.045373868427311906,
  "test_acc": 0.034526728788621876,
  "test_macro_f1": 0.00949192227343138,
  "test_delta_acc": 0.009018040314052341,
  "test_delta_macro_f1": 0.004263709246481046,
  "test_eo_gap": 0.04879204910991346
}