{
  "mode": "LoRA",
  "lambda": 0.05,
  "seed": 1,
  "dev_acc": 0.031168308867886588,
  "dev_macro_f1": 0.008935281962011063,
  "dev_delta_acc": 0.010016691790615071,
  "dev_delta_macro_f1": 0.004835251065561658,
  "dev_eo_gap": 0.04600069828329715,
  "test_acc": 0.034526728788621876,
  "test_macro_f1": 0.009333920055912406,
  "test_delta_acc": 0.008233317402829638,
  "test_delta_macro_f1": 0.0038107537132948477,
  "test_eo_gap": 0.04915590210840393
}