{
  "mode": "LoRA",
  "lambda": 1.0,
  "seed": 1,
  "dev_acc": 0.031570480595214154,
  "dev_macro_f1": 0.008982160912267058,
  "dev_delta_acc": 0.010016206564143707,
  "dev_delta_macro_f1": 0.004856003030969723,
  "dev_eo_gap": 0.04543576315309272,
  "test_acc": 0.03433055419323198,
  "test_macro_f1": 0.009456719290004504,
  "test_delta_acc": 0.00901584663058301,
  "test_delta_macro_f1": 0.0042299935156791795,
  "test_eo_gap": 0.04853395344529289
}