{
  "mode": "LoRA",
  "lambda": 0.5,
  "seed": 3,
  "dev_acc": 0.028755278503921174,
  "dev_macro_f1": 0.003412723814794477,
  "dev_delta_acc": 0.004389196917841454,
  "dev_delta_macro_f1": -7.893868389500635e-05,
  "dev_eo_gap": 0.0035297349035289687,
  "test_acc": 0.03678273663560569,
  "test_macro_f1": 0.0060964264309892055,
  "test_delta_acc": 0.0061005567568645225,
  "test_delta_macro_f1": 0.00026917386740711504,
  "test_eo_gap": 0.004883223263387157
}