{
  "mode": "LoRA",
  "lambda": 0.5,
  "seed": 2,
  "dev_acc": 0.04122260205107581,
  "dev_macro_f1": 0.01576092389127601,
  "dev_delta_acc": -0.002864938829116176,
  "dev_delta_macro_f1": -0.004170942879551066,
  "dev_eo_gap": 0.027262550699346837,
  "test_acc": 0.04394310936733693,
  "test_macro_f1": 0.016537966571617352,
  "test_delta_acc": 0.007161529842523551,
  "test_delta_macro_f1": 0.004780250401197604,
  "test_eo_gap": 0.024750030121685442
}