{
  "mode": "LoRA",
  "lambda": 0.2,
  "seed": 1,
  "dev_acc": 0.030967223004222805,
  "dev_macro_f1": 0.008706098066452216,
  "dev_delta_acc": 0.009614762530164914,
  "dev_delta_macro_f1": 0.0044860370905160625,
  "dev_eo_gap": 0.045671394251897354,
  "test_acc": 0.034526728788621876,
  "test_macro_f1": 0.009484518261944323,
  "test_delta_acc": 0.009018040314052341,
  "test_delta_macro_f1": 0.004246761280782918,
  "test_eo_gap": 0.048805529253752304
}