{
  "mode": "LoRA",
  "lambda": 0.1,
  "seed": 2,
  "dev_acc": 0.04182585964206716,
  "dev_macro_f1": 0.015802096442570204,
  "dev_delta_acc": -0.0032678385425090745,
  "dev_delta_macro_f1": -0.004407552839051204,
  "dev_eo_gap": 0.0267200839725041,
  "test_acc": 0.04413928396272683,
  "test_macro_f1": 0.016618219983301773,
  "test_delta_acc": 0.008340807892826943,
  "test_delta_macro_f1": 0.0051843903529556565,
  "test_eo_gap": 0.02474611192546367
}