{
  "mode": "LoRA",
  "lambda": 0.0,
  "seed": 2,
  "dev_acc": 0.042026945505730946,
  "dev_macro_f1": 0.015943412335218902,
  "dev_delta_acc": -0.0020615655346872264,
  "dev_delta_macro_f1": -0.0034174842123491193,
  "dev_eo_gap": 0.026941706429033378,
  "test_acc": 0.04404119666503188,
  "test_macro_f1": 0.016584046559035098,
  "test_delta_acc": 0.00853589177889795,
  "test_delta_macro_f1": 0.0052196191889759495,
  "test_eo_gap": 0.02500595957930173
}