{
  "mode": "LoRA",
  "lambda": 0.1,
  "seed": 3,
  "dev_acc": 0.028755278503921174,
  "dev_macro_f1": 0.003410621304989693,
  "dev_delta_acc": 0.004389196917841454,
  "dev_delta_macro_f1": -7.356237595833228e-05,
  "dev_eo_gap": 0.0035590221167889056,
  "test_acc": 0.03668464933791074,
  "test_macro_f1": 0.005930793840773549,
  "test_delta_acc": 0.006295640642935529,
  "test_delta_macro_f1": 0.0005759106348444858,
  "test_eo_gap": 0.005112931558996635
}